{
  "version": "5",
  "dialect": "pg",
  "id": "8b19dc02-6de4-4339-9679-42dc699fb047",
  "prevId": "00000000-0000-0000-0000-000000000000",
  "tables": {
    "airports": {
      "name": "airports",
      "schema": "",
      "columns": {
        "id": {
          "name": "id",
          "type": "serial",
          "primaryKey": true,
          "notNull": true
        },
        "cityname": {
          "name": "cityname",
          "type": "text",
          "primaryKey": false,
          "notNull": false
        },
        "airportcode": {
          "name": "airportcode",
          "type": "text",
          "primaryKey": false,
          "notNull": false
        },
        "country": {
          "name": "country",
          "type": "text",
          "primaryKey": false,
          "notNull": false
        }
      },
      "indexes": {},
      "foreignKeys": {},
      "compositePrimaryKeys": {},
      "uniqueConstraints": {}
    },
    "bookedflights": {
      "name": "bookedflights",
      "schema": "",
      "columns": {
        "id": {
          "name": "id",
          "type": "serial",
          "primaryKey": true,
          "notNull": true
        },
        "user": {
          "name": "user",
          "type": "text",
          "primaryKey": false,
          "notNull": false
        },
        "origin": {
          "name": "origin",
          "type": "text",
          "primaryKey": false,
          "notNull": false
        },
        "destination": {
          "name": "destination",
          "type": "text",
          "primaryKey": false,
          "notNull": false
        },
        "clublevel": {
          "name": "clublevel",
          "type": "text",
          "primaryKey": false,
          "notNull": false
        }
      },
      "indexes": {},
      "foreignKeys": {},
      "compositePrimaryKeys": {},
      "uniqueConstraints": {}
    },
    "flights": {
      "name": "flights",
      "schema": "",
      "columns": {
        "id": {
          "name": "id",
          "type": "serial",
          "primaryKey": true,
          "notNull": true
        },
        "flight_number": {
          "name": "flight_number",
          "type": "text",
          "primaryKey": false,
          "notNull": false
        },
        "origin": {
          "name": "origin",
          "type": "text",
          "primaryKey": false,
          "notNull": false
        },
        "destination": {
          "name": "destination",
          "type": "text",
          "primaryKey": false,
          "notNull": false
        },
        "duration": {
          "name": "duration",
          "type": "text",
          "primaryKey": false,
          "notNull": false
        },
        "flight_status": {
          "name": "flight_status",
          "type": "text",
          "primaryKey": false,
          "notNull": false
        }
      },
      "indexes": {},
      "foreignKeys": {},
      "compositePrimaryKeys": {},
      "uniqueConstraints": {}
    },
    "transactions": {
      "name": "transactions",
      "schema": "",
      "columns": {
        "id": {
          "name": "id",
          "type": "serial",
          "primaryKey": true,
          "notNull": true
        },
        "date": {
          "name": "date",
          "type": "text",
          "primaryKey": false,
          "notNull": false
        },
        "merchant": {
          "name": "merchant",
          "type": "text",
          "primaryKey": false,
          "notNull": false
        },
        "status": {
          "name": "status",
          "type": "text",
          "primaryKey": false,
          "notNull": false
        },
        "amount": {
          "name": "amount",
          "type": "numeric",
          "primaryKey": false,
          "notNull": false
        },
        "accounttype": {
          "name": "accounttype",
          "type": "text",
          "primaryKey": false,
          "notNull": false
        },
        "user": {
          "name": "user",
          "type": "text",
          "primaryKey": false,
          "notNull": false
        }
      },
      "indexes": {},
      "foreignKeys": {},
      "compositePrimaryKeys": {},
      "uniqueConstraints": {}
    },
    "users": {
      "name": "users",
      "schema": "",
      "columns": {
        "id": {
          "name": "id",
          "type": "serial",
          "primaryKey": true,
          "notNull": true
        },
        "username": {
          "name": "username",
          "type": "text",
          "primaryKey": false,
          "notNull": false
        },
        "password": {
          "name": "password",
          "type": "text",
          "primaryKey": false,
          "notNull": false
        },
        "email": {
          "name": "email",
          "type": "text",
          "primaryKey": false,
          "notNull": false
        },
        "preferredseating": {
          "name": "preferredseating",
          "type": "text",
          "primaryKey": false,
          "notNull": false
        },
        "mealoption": {
          "name": "mealoption",
          "type": "text",
          "primaryKey": false,
          "notNull": false
        },
        "toggleclub": {
          "name": "toggleclub",
          "type": "boolean",
          "primaryKey": false,
          "notNull": false
        },
        "statuslevel": {
          "name": "statuslevel",
          "type": "text",
          "primaryKey": false,
          "notNull": false
        },
        "flights": {
          "name": "flights",
          "type": "integer",
          "primaryKey": false,
          "notNull": false
        }
      },
      "indexes": {},
      "foreignKeys": {},
      "compositePrimaryKeys": {},
      "uniqueConstraints": {}
    }
  },
  "enums": {},
  "schemas": {},
  "_meta": {
    "schemas": {},
    "tables": {},
    "columns": {}
  }
}